courier_id,name,base_city,past_delay_count,past_damage_count,rating
CR001,Allison Hill,Galle,3,1,4.1
CR002,Noah Rhodes,Nuwara Eliya,2,0,3.9
CR003,Angie Henderson,Gampaha,16,7,3.3
CR004,Daniel Wagner,Batticaloa,0,1,3.9
CR005,Cristian Santos,Ratnapura,4,1,4.5
CR006,Connie Lawrence,Colombo,1,1,5.0
CR007,Abigail Shaffer,Gampaha,0,1,4.1
CR008,Gina Moore,Matara,1,1,4.2
CR009,Gabrielle Davis,Badulla,0,2,4.6
CR010,Ryan Munoz,Jaffna,1,1,4.3
CR011,Monica Herrera,Ratnapura,4,0,4.6
CR012,Jamie Arnold,Nuwara Eliya,0,0,4.8
CR013,Lisa Hensley,Kurunegala,2,0,4.1
CR014,Michele Williams,Kalutara,2,0,4.6
CR015,Dylan Miller,Kalutara,3,0,4.1
CR016,Brian Ramirez,Batticaloa,4,1,4.7
CR017,Holly Wood,Trincomalee,3,1,4.1
CR018,Derek Zuniga,Batticaloa,3,0,4.7
CR019,Lisa Jackson,Galle,1,2,4.3
CR020,Carla Gray,Kurunegala,19,7,3.5
CR021,Margaret Hawkins DDS,Colombo,0,2,4.9
CR022,Patty Perez,Nuwara Eliya,2,0,4.2
CR023,Ethan Adams,Colombo,13,5,3.0
CR024,Tommy Walter,Ratnapura,14,6,2.7
CR025,Matthew Foster,Batticaloa,4,0,4.5
CR026,Judy Baker,Kandy,2,1,4.1
CR027,Justin Baker,Trincomalee,0,0,4.7
CR028,Stephanie Ross,Nuwara Eliya,4,0,4.0
CR029,Zachary Hicks,Batticaloa,1,1,4.4
CR030,Anthony Rodriguez,Jaffna,4,2,4.6
